{
    "0": {
        "position": [
            -128.85856937592823,
            -1098.286453944228,
            304.2311989392074
        ],
        "rvec": [
            1.7385503549269632,
            -0.13435757801516238,
            0.1707197672524823
        ],
        "tvec": [
            -89.15141032430327,
            110.01654680275695,
            1138.1312198924034
        ],
        "rotation_matrix": [
            0.9818532405394748,
            0.00603066475617671,
            0.18954641944582162,
            -0.18565381352393762,
            -0.17334323394663542,
            0.9672046240423693,
            0.03868947616796764,
            -0.9848430099906891,
            -0.16907800006602763
        ]
    },
    "1": {
        "position": [
            -347.9598220814461,
            -910.8812210572439,
            324.91157287270875
        ],
        "rvec": [
            1.5440171736492765,
            -0.37879364640752516,
            0.333384680964839
        ],
        "tvec": [
            -77.93351523086241,
            318.22851260381094,
            974.1689523968785
        ],
        "rotation_matrix": [
            0.898330100986177,
            -0.028584137360419787,
            0.4383902106041214,
            -0.4384704885583318,
            0.0037305577706919085,
            0.8987378447590474,
            -0.027325086012364636,
            -0.999584428665273,
            -0.009182028334561276
        ]
    },
    "2": {
        "position": [
            606.0267290812121,
            -1006.8262074988351,
            45.79300138545122
        ],
        "rvec": [
            1.5252531554461204,
            0.2610789777434399,
            -0.2535492792931923
        ],
        "tvec": [
            -248.50298890675447,
            76.46246141224982,
            1146.936861358304
        ],
        "rotation_matrix": [
            0.9462803011926544,
            -0.00018525602971514177,
            -0.32334742500125596,
            0.3232035928820504,
            0.030370996528810618,
            0.9458419741785522,
            0.009645160593438729,
            -0.9995386777159003,
            0.02879935115721097
        ]
    }
}